{
	"mute": "🔇",
	"volumemiddle": "🔉",
	"volumelow": "🔈",
	"volumehigh": "🔊",
	"stop": "⏹️",
	"skip": "⏭️",
	"shuffle": "🔀",
	"rewind": "⏪",
	"resume": "▶️",
	"remove": "⏏️",
	"queue": "<:queue:931873502422761492>",
	"playlist": "<:queue:931873502422761492> ",
	"play": "<a:playing:919580939720482816>",
	"pause": "⏸️",
	"loop": "🔁",
	"forward": "⏩",
	"filter": "🎛️",
	"autoplay": "♾️",
	"addsong": "<:added:965304237045203066>",
	"music": "<a:playing:919580939720482816>",
	"warn": "⚠️",
	"join": "📥",
	"leave": "📤",
	"about": "🔎",
	"jump": "⏭️"
}